arm,reference,repeat,n_paired,forced_f1_delta,forced_f1_ci_low,forced_f1_ci_high,forced_accuracy_delta,forced_accuracy_ci_low,forced_accuracy_ci_high,f1_delta,f1_ci_low,f1_ci_high,coverage_delta,coverage_ci_low,coverage_ci_high,mcnemar_a_only,mcnemar_b_only,mcnemar_p_value
ablation1_no_selection,mazerophish_forced,0,100,-0.5791282329535179,-0.6883691529709228,-0.4764315090161342,-0.69,-0.78,-0.6,0.17525773195876282,0.10204081632653061,0.27083333333333326,-0.86,-0.92,-0.79,0,69,3.3881317890172014e-21
ablation1_no_selection_forced,mazerophish_forced,0,100,0.01199242583631377,-0.02657807308970095,0.05478036175710599,0.010000000000000009,-0.020000000000000018,0.040000000000000036,0.01199242583631377,-0.02657807308970095,0.05478036175710599,0.0,0.0,0.0,2,1,1.0
ablation2_no_reconciliation,mazerophish_forced,0,100,-0.6104565537555229,-0.715312724658519,-0.5024500841073649,-0.71,-0.7999999999999999,-0.62,0.17525773195876282,0.10204081632653061,0.27083333333333326,-0.88,-0.94,-0.81,0,71,8.470329472543003e-22
ablation2_no_reconciliation_forced,mazerophish_forced,0,100,-0.012242268041237181,-0.07093023255813957,0.04797979797979812,-0.010000000000000009,-0.06000000000000005,0.040000000000000036,-0.012242268041237181,-0.07093023255813957,0.04797979797979812,0.0,0.0,0.0,3,4,1.0
ablation3_no_calibrated_gate,mazerophish_forced,0,100,-0.5791282329535179,-0.6883691529709228,-0.4764315090161342,-0.69,-0.78,-0.6,0.17525773195876282,0.10204081632653061,0.27083333333333326,-0.86,-0.92,-0.79,0,69,3.3881317890172014e-21
ablation3_no_calibrated_gate_forced,mazerophish_forced,0,100,0.01199242583631377,-0.02657807308970095,0.05478036175710599,0.010000000000000009,-0.020000000000000018,0.040000000000000036,0.01199242583631377,-0.02657807308970095,0.05478036175710599,0.0,0.0,0.0,2,1,1.0
ablation4_no_targeted_collaboration,mazerophish_forced,0,100,-0.5946537724660159,-0.7024922118380061,-0.48767517067912325,-0.7,-0.79,-0.61,0.17525773195876282,0.10204081632653061,0.27083333333333326,-0.87,-0.9299999999999999,-0.8,0,70,1.6940658945086007e-21
ablation4_no_targeted_collaboration_forced,mazerophish_forced,0,100,-0.005694648993618157,-0.09430894308943083,0.08206896551724141,-0.019999999999999907,-0.10000000000000009,0.06000000000000005,-0.005694648993618157,-0.09430894308943083,0.08206896551724141,0.0,0.0,0.0,8,10,0.8145294189453125
ablation5_no_independent_adjudication,mazerophish_forced,0,100,-0.7115347208714259,-0.8113127902068384,-0.6060606060606061,-0.77,-0.85,-0.69,0.17525773195876282,0.101123595505618,0.27083333333333326,-0.94,-0.98,-0.89,0,77,1.3234889800848443e-23
ablation5_no_independent_adjudication_forced,mazerophish_forced,0,100,-0.021003950284227746,-0.08571428571428563,0.047457627118643875,-0.039999999999999925,-0.10999999999999999,0.029999999999999916,-0.021003950284227746,-0.08571428571428563,0.047457627118643875,0.0,0.0,0.0,4,8,0.3876953125
mazerophish,mazerophish_forced,0,100,-0.6104565537555229,-0.715075281113017,-0.5018545395903887,-0.71,-0.79,-0.62,0.17525773195876282,0.10204081632653061,0.27083333333333326,-0.88,-0.94,-0.81,0,71,8.470329472543003e-22
