set,system,n,TP,FP,TN,FN,TPR,TNR,FPR,FNR,Recall,Precision,Accuracy,F1
dev (300),H1 (ours),300,138,11,139,12,0.920,0.927,0.073,0.080,0.920,0.926,0.923,0.923
dev (300),P1,300,138,11,139,12,0.920,0.927,0.073,0.080,0.920,0.926,0.923,0.923
dev (300),B2,300,139,10,140,11,0.927,0.933,0.067,0.073,0.927,0.933,0.930,0.930
dev (300),cot,300,137,9,141,13,0.913,0.940,0.060,0.087,0.913,0.938,0.927,0.926
dev (300),phishdebate,300,137,16,134,13,0.913,0.893,0.107,0.087,0.913,0.895,0.903,0.904
dev (300),single_agent,300,132,7,143,18,0.880,0.953,0.047,0.120,0.880,0.950,0.917,0.913
dev (300),vision__cot,300,137,11,139,13,0.913,0.927,0.073,0.087,0.913,0.926,0.920,0.919
dev (300),vision__phishdebate,300,136,18,132,14,0.907,0.880,0.120,0.093,0.907,0.883,0.893,0.895
dev (300),vision__single_agent,300,133,8,142,17,0.887,0.947,0.053,0.113,0.887,0.943,0.917,0.914
dev (300),cot_minimal,300,136,7,143,14,0.907,0.953,0.047,0.093,0.907,0.951,0.930,0.928
dev (300),single_agent_minimal,300,113,5,145,37,0.753,0.967,0.033,0.247,0.753,0.958,0.860,0.843
dev-2 (200 reused test pages),H1 (ours),200,91,4,96,9,0.910,0.960,0.040,0.090,0.910,0.958,0.935,0.933
dev-2 (200 reused test pages),P1,200,92,4,96,8,0.920,0.960,0.040,0.080,0.920,0.958,0.940,0.939
dev-2 (200 reused test pages),B2,200,87,6,94,13,0.870,0.940,0.060,0.130,0.870,0.935,0.905,0.902
dev-2 (200 reused test pages),cot,200,81,4,96,19,0.810,0.960,0.040,0.190,0.810,0.953,0.885,0.876
dev-2 (200 reused test pages),phishdebate,200,86,14,86,14,0.860,0.860,0.140,0.140,0.860,0.860,0.860,0.860
dev-2 (200 reused test pages),single_agent,200,78,3,97,22,0.780,0.970,0.030,0.220,0.780,0.963,0.875,0.862
dev-2 (200 reused test pages),cot_minimal,200,79,5,95,21,0.790,0.950,0.050,0.210,0.790,0.940,0.870,0.859
dev-2 (200 reused test pages),single_agent_minimal,200,66,1,99,34,0.660,0.990,0.010,0.340,0.660,0.985,0.825,0.790
messages test (400),MA-ZeroPhish (declared threshold),400,21,2,198,179,0.105,0.990,0.010,0.895,0.105,0.913,0.547,0.188
messages test (400),"MA-ZeroPhish (0.5, post hoc)",400,184,30,170,16,0.920,0.850,0.150,0.080,0.920,0.860,0.885,0.889
messages test (400),single_agent_message,400,188,6,194,12,0.940,0.970,0.030,0.060,0.940,0.969,0.955,0.954
messages test (400),cot_message,400,199,27,173,1,0.995,0.865,0.135,0.005,0.995,0.881,0.930,0.934
messages test (400),single_agent_minimal_message,400,193,5,195,7,0.965,0.975,0.025,0.035,0.965,0.975,0.970,0.970
messages test (400),cot_minimal_message,400,196,36,164,4,0.980,0.820,0.180,0.020,0.980,0.845,0.900,0.907
