arm,repeat,subset,n,decided,insufficient,coverage,insufficient_rate,tp,fp,tn,fn,precision,recall,f1,fpr,accuracy_decided,selective_risk,forced_precision,forced_recall,forced_f1,forced_fpr,forced_accuracy,pr_auc,mean_model_calls,mean_input_tokens,mean_output_tokens,mean_monetary_cost,mean_latency_s
cot,0,all,200,200,0,1.0,0.0,99,11,89,1,0.9,0.99,0.9428571428571428,0.11,0.94,0.06,0.9,0.99,0.9428571428571428,0.11,0.94,,1.0,4170.345,528.61,,5.21
cot,0,stratum=webpage,200,200,0,1.0,0.0,99,11,89,1,0.9,0.99,0.9428571428571428,0.11,0.94,0.06,0.9,0.99,0.9428571428571428,0.11,0.94,,1.0,4170.345,528.61,,5.21
p1_ma_plus_code,0,all,200,200,0,1.0,0.0,94,27,73,6,0.7768595041322314,0.94,0.8506787330316741,0.27,0.835,0.165,0.7768595041322314,0.94,0.8506787330316741,0.27,0.835,0.9005765736015522,7.47,22644.48,1938.395,19.69549,26.968287500000002
p1_ma_plus_code,0,stratum=webpage,200,200,0,1.0,0.0,94,27,73,6,0.7768595041322314,0.94,0.8506787330316741,0.27,0.835,0.165,0.7768595041322314,0.94,0.8506787330316741,0.27,0.835,0.9005765736015522,7.47,22644.48,1938.395,19.69549,26.968287500000002
phishdebate,0,all,200,200,0,1.0,0.0,98,13,87,2,0.8828828828828829,0.98,0.9289099526066351,0.13,0.925,0.075,0.8828828828828829,0.98,0.9289099526066351,0.13,0.925,0.9654288839294368,7.575,9933.12,1402.585,,18.59065
phishdebate,0,stratum=webpage,200,200,0,1.0,0.0,98,13,87,2,0.8828828828828829,0.98,0.9289099526066351,0.13,0.925,0.075,0.8828828828828829,0.98,0.9289099526066351,0.13,0.925,0.9654288839294368,7.575,9933.12,1402.585,,18.59065
single_agent,0,all,200,200,0,1.0,0.0,95,9,91,5,0.9134615384615384,0.95,0.9313725490196078,0.09,0.93,0.07,0.9134615384615384,0.95,0.9313725490196078,0.09,0.93,,1.0,3938.345,147.735,,2.4345
single_agent,0,stratum=webpage,200,200,0,1.0,0.0,95,9,91,5,0.9134615384615384,0.95,0.9313725490196078,0.09,0.93,0.07,0.9134615384615384,0.95,0.9313725490196078,0.09,0.93,,1.0,3938.345,147.735,,2.4345
vision__cot,0,all,200,200,0,1.0,0.0,99,9,91,1,0.9166666666666666,0.99,0.9519230769230769,0.09,0.95,0.05,0.9166666666666666,0.99,0.9519230769230769,0.09,0.95,,1.0,6822.38,583.095,,7.65525
vision__cot,0,stratum=webpage,200,200,0,1.0,0.0,99,9,91,1,0.9166666666666666,0.99,0.9519230769230769,0.09,0.95,0.05,0.9166666666666666,0.99,0.9519230769230769,0.09,0.95,,1.0,6822.38,583.095,,7.65525
vision__phishdebate,0,all,200,200,0,1.0,0.0,97,15,85,3,0.8660714285714286,0.97,0.9150943396226415,0.15,0.91,0.09,0.8660714285714286,0.97,0.9150943396226415,0.15,0.91,0.9620978803454444,7.25,15829.355,1275.635,,21.0566
vision__phishdebate,0,stratum=webpage,200,200,0,1.0,0.0,97,15,85,3,0.8660714285714286,0.97,0.9150943396226415,0.15,0.91,0.09,0.8660714285714286,0.97,0.9150943396226415,0.15,0.91,0.9620978803454444,7.25,15829.355,1275.635,,21.0566
vision__single_agent,0,all,200,200,0,1.0,0.0,98,11,89,2,0.8990825688073395,0.98,0.937799043062201,0.11,0.935,0.065,0.8990825688073395,0.98,0.937799043062201,0.11,0.935,,1.0,6590.38,170.6,,3.8148500000000003
vision__single_agent,0,stratum=webpage,200,200,0,1.0,0.0,98,11,89,2,0.8990825688073395,0.98,0.937799043062201,0.11,0.935,0.065,0.8990825688073395,0.98,0.937799043062201,0.11,0.935,,1.0,6590.38,170.6,,3.8148500000000003
